Date,Open,High,Low,Close,Volume
2023-05-03,0.10000000,2.00000000,0.10000000,1.40160000,446598493.40000000
2023-05-04,1.40160000,1.49900000,1.29610000,1.33030000,160696442.60000000
2023-05-05,1.33030000,1.38000000,1.26000000,1.30640000,109103877.30000000
2023-05-06,1.30670000,1.37520000,1.27000000,1.32970000,84666618.70000000
2023-05-07,1.32990000,1.34690000,1.22000000,1.24310000,41904640.00000000
2023-05-08,1.24300000,1.24390000,1.02220000,1.13740000,120746101.00000000
2023-05-09,1.13770000,1.21580000,1.09320000,1.18420000,84746956.60000000
2023-05-10,1.18420000,1.24480000,1.09880000,1.17870000,168123621.30000000
2023-05-11,1.17880000,1.18190000,1.03360000,1.07360000,86830478.70000000
2023-05-12,1.07370000,1.12290000,1.01300000,1.11520000,66590394.80000000
2023-05-13,1.11500000,1.14000000,1.08550000,1.09940000,35948047.80000000
2023-05-14,1.09930000,1.20490000,1.06770000,1.15910000,51193444.10000000
2023-05-15,1.15890000,1.25480000,1.12410000,1.19300000,76750994.50000000
2023-05-16,1.19340000,1.20710000,1.14050000,1.16510000,48656185.50000000
2023-05-17,1.16540000,1.21550000,1.11150000,1.21310000,64546515.10000000
2023-05-18,1.21310000,1.22450000,1.12660000,1.14150000,40533612.50000000
2023-05-19,1.14130000,1.14940000,1.11530000,1.13040000,25089190.20000000
2023-05-20,1.13040000,1.13430000,1.10800000,1.12400000,16142067.70000000
2023-05-21,1.12410000,1.15300000,1.05100000,1.07300000,36820639.00000000
2023-05-22,1.07290000,1.07810000,1.03370000,1.05020000,30744865.30000000
2023-05-23,1.05020000,1.09800000,1.02280000,1.05330000,34139550.20000000
2023-05-24,1.05320000,1.05320000,0.94130000,0.97840000,72513876.80000000
2023-05-25,0.97840000,1.01030000,0.93660000,0.98200000,37633870.00000000
2023-05-26,0.98210000,1.01000000,0.96270000,0.99110000,28806851.30000000
2023-05-27,0.99110000,1.01760000,0.98270000,0.99800000,21366911.70000000
2023-05-28,0.99800000,1.07290000,0.99260000,1.06170000,37999706.80000000
2023-05-29,1.06190000,1.10000000,1.02250000,1.03920000,66909993.10000000
2023-05-30,1.03910000,1.06190000,0.98930000,1.00110000,43521177.60000000
2023-05-31,1.00100000,1.00970000,0.94290000,0.97430000,33706491.50000000
2023-06-01,0.97460000,0.97940000,0.94000000,0.94610000,27771579.70000000
2023-06-02,0.94600000,0.96300000,0.90500000,0.94140000,47950317.10000000
2023-06-03,0.94140000,0.95680000,0.90680000,0.93330000,33017243.70000000
2023-06-04,0.93320000,0.97850000,0.92660000,0.96020000,34127551.50000000
2023-06-05,0.96040000,0.97150000,0.75000000,0.81690000,109983171.50000000
2023-06-06,0.81710000,0.84960000,0.75530000,0.83140000,52909918.40000000
2023-06-07,0.83140000,0.83140000,0.74330000,0.75720000,47751309.20000000
2023-06-08,0.75720000,0.79370000,0.71500000,0.72870000,50960158.80000000
2023-06-09,0.72870000,0.76270000,0.71020000,0.73820000,48520864.70000000
2023-06-10,0.73820000,0.74170000,0.51000000,0.60950000,122857844.80000000
2023-06-11,0.60950000,0.62420000,0.58650000,0.60550000,45461605.70000000
2023-06-12,0.60540000,0.68760000,0.56930000,0.66330000,95056078.10000000
2023-06-13,0.66330000,0.72940000,0.66180000,0.69830000,95846339.60000000
2023-06-14,0.69820000,0.71310000,0.62730000,0.65060000,62548997.70000000
2023-06-15,0.65050000,0.65920000,0.62010000,0.64900000,41482584.60000000
2023-06-16,0.64890000,0.72170000,0.62270000,0.70720000,50201474.90000000
2023-06-17,0.70720000,0.78500000,0.70430000,0.75410000,92206443.80000000
2023-06-18,0.75390000,0.79610000,0.70960000,0.72070000,70237006.60000000
2023-06-19,0.72060000,0.79260000,0.70930000,0.78510000,70115654.40000000
2023-06-20,0.78510000,0.82780000,0.74850000,0.81890000,85994336.20000000
2023-06-21,0.81900000,0.85060000,0.76860000,0.83120000,94202270.20000000
2023-06-22,0.83120000,0.88990000,0.79010000,0.80300000,86075057.70000000
2023-06-23,0.80300000,0.83610000,0.77810000,0.79840000,60864747.10000000
2023-06-24,0.79830000,0.79840000,0.72320000,0.75280000,43638069.70000000
2023-06-25,0.75290000,0.78050000,0.74000000,0.74510000,38325250.10000000
2023-06-26,0.74510000,0.76050000,0.71140000,0.72650000,44135736.00000000
2023-06-27,0.72640000,0.75750000,0.70220000,0.72030000,49588516.90000000
2023-06-28,0.72030000,0.72080000,0.63660000,0.66310000,46258388.00000000
2023-06-29,0.66340000,0.71500000,0.66030000,0.68070000,52593167.40000000
2023-06-30,0.68080000,0.71180000,0.62800000,0.68910000,59113408.00000000
2023-07-01,0.68880000,0.69100000,0.66720000,0.68930000,26995655.80000000
2023-07-02,0.68950000,0.69430000,0.65900000,0.69070000,26703763.70000000
2023-07-03,0.69070000,0.71680000,0.68540000,0.70000000,53810585.10000000
2023-07-04,0.69980000,0.73890000,0.67880000,0.68550000,52601686.80000000
2023-07-05,0.68550000,0.69170000,0.64500000,0.66240000,36465148.30000000
2023-07-06,0.66240000,0.68210000,0.63440000,0.64950000,29123683.30000000
2023-07-07,0.64900000,0.66670000,0.63960000,0.66130000,24612864.40000000
2023-07-08,0.66150000,0.66890000,0.64120000,0.65270000,14277014.30000000
2023-07-09,0.65280000,0.66670000,0.65000000,0.65910000,11121767.50000000
2023-07-10,0.65910000,0.66680000,0.62710000,0.65510000,25050776.80000000
2023-07-11,0.65520000,0.67000000,0.64270000,0.65560000,17187306.60000000
2023-07-12,0.65560000,0.68760000,0.64500000,0.65560000,31050576.00000000
2023-07-13,0.65570000,0.71640000,0.64820000,0.69780000,47351366.70000000
2023-07-14,0.69780000,0.76340000,0.65800000,0.68040000,74370070.80000000
2023-07-15,0.68010000,0.69870000,0.66710000,0.68290000,20909432.70000000
2023-07-16,0.68300000,0.69420000,0.66160000,0.67260000,25531941.50000000
2023-07-17,0.67230000,0.73220000,0.66500000,0.71970000,64360057.20000000
2023-07-18,0.71970000,0.78500000,0.70550000,0.73610000,154905490.70000000
2023-07-19,0.73640000,0.77600000,0.70240000,0.71000000,57016793.10000000
2023-07-20,0.70980000,0.72820000,0.68040000,0.68850000,38572289.10000000
2023-07-21,0.68850000,0.69600000,0.67120000,0.68350000,20317490.80000000
2023-07-22,0.68360000,0.70500000,0.68170000,0.69360000,19403125.00000000
2023-07-23,0.69360000,0.70390000,0.67320000,0.67870000,19804704.90000000
2023-07-24,0.67880000,0.68060000,0.60900000,0.63660000,35668271.60000000
2023-07-25,0.63670000,0.65200000,0.62480000,0.63670000,18172584.30000000
2023-07-26,0.63670000,0.64340000,0.61580000,0.63460000,22821129.90000000
2023-07-27,0.63440000,0.65020000,0.62400000,0.63060000,16504294.50000000
2023-07-28,0.63070000,0.64340000,0.62500000,0.62960000,15014000.40000000
2023-07-29,0.62970000,0.64080000,0.62550000,0.63850000,8885902.60000000
2023-07-30,0.63850000,0.63970000,0.60000000,0.62020000,15509115.40000000
2023-07-31,0.62030000,0.63420000,0.61310000,0.63200000,17730073.00000000
2023-08-01,0.63200000,0.64740000,0.60880000,0.64670000,34338755.30000000
2023-08-02,0.64670000,0.65000000,0.60810000,0.61400000,23400199.80000000
2023-08-03,0.61400000,0.61970000,0.58520000,0.59290000,34199405.80000000
2023-08-04,0.59290000,0.60140000,0.57950000,0.59230000,18554892.30000000
2023-08-05,0.59240000,0.59370000,0.58110000,0.59230000,10881211.30000000
2023-08-06,0.59240000,0.60960000,0.59000000,0.59210000,27712755.00000000
2023-08-07,0.59220000,0.59970000,0.55980000,0.58310000,27813956.50000000
2023-08-08,0.58330000,0.60310000,0.57550000,0.59400000,25313782.70000000
2023-08-09,0.59470000,0.62690000,0.58800000,0.59510000,25841625.30000000
2023-08-10,0.59510000,0.60570000,0.58760000,0.60530000,14962963.60000000
2023-08-11,0.60510000,0.61840000,0.59630000,0.60490000,12947819.20000000
2023-08-12,0.60490000,0.61400000,0.60230000,0.60740000,6298802.10000000
2023-08-13,0.60760000,0.61350000,0.59430000,0.59830000,9646285.40000000
2023-08-14,0.59830000,0.60400000,0.58720000,0.59930000,11744040.60000000
2023-08-15,0.59930000,0.60270000,0.52290000,0.56060000,26914308.10000000
2023-08-16,0.56070000,0.57850000,0.51040000,0.52710000,61034511.10000000
2023-08-17,0.52740000,0.53660000,0.45000000,0.47500000,57802293.00000000
2023-08-18,0.47520000,0.49000000,0.46510000,0.48400000,38367834.20000000
2023-08-19,0.48410000,0.56500000,0.48260000,0.55980000,77340052.60000000
2023-08-20,0.55970000,0.57520000,0.53660000,0.54370000,81310349.70000000
2023-08-21,0.54370000,0.54820000,0.49940000,0.51420000,42920694.80000000
2023-08-22,0.51430000,0.55880000,0.50430000,0.53590000,78007618.40000000
2023-08-23,0.53610000,0.62580000,0.53530000,0.60190000,117625250.00000000
2023-08-24,0.60180000,0.62070000,0.55600000,0.57270000,72332740.20000000
2023-08-25,0.57280000,0.57280000,0.53350000,0.55690000,60896184.70000000
2023-08-26,0.55670000,0.60400000,0.54710000,0.58790000,74889242.10000000
2023-08-27,0.58790000,0.59630000,0.57310000,0.58380000,42938747.40000000
2023-08-28,0.58350000,0.58370000,0.53520000,0.54770000,50813152.20000000
2023-08-29,0.54750000,0.55190000,0.50730000,0.54540000,68957948.70000000
2023-08-30,0.54530000,0.54650000,0.51500000,0.52550000,31253787.50000000
2023-08-31,0.52530000,0.52530000,0.48210000,0.50050000,29426600.40000000
2023-09-01,0.50040000,0.51610000,0.48050000,0.48890000,28244841.00000000
2023-09-02,0.48890000,0.50390000,0.48240000,0.49090000,18135129.10000000
2023-09-03,0.49090000,0.50290000,0.47240000,0.48400000,31543772.10000000
2023-09-04,0.48410000,0.49630000,0.47210000,0.48310000,35088842.60000000
2023-09-05,0.48330000,0.49300000,0.46700000,0.49070000,34895124.20000000
2023-09-06,0.49070000,0.49920000,0.47390000,0.48170000,43162394.10000000
2023-09-07,0.48160000,0.48740000,0.47570000,0.48580000,28084679.30000000
2023-09-08,0.48580000,0.49340000,0.47320000,0.48140000,26383566.40000000
2023-09-09,0.48140000,0.48590000,0.47760000,0.48140000,11131592.30000000
2023-09-10,0.48140000,0.48170000,0.44410000,0.45530000,28045636.50000000
2023-09-11,0.45510000,0.45600000,0.41850000,0.42670000,41959852.60000000
2023-09-12,0.42640000,0.45800000,0.42300000,0.42780000,49230832.50000000
2023-09-13,0.42780000,0.44480000,0.41870000,0.44260000,29165090.20000000
2023-09-14,0.44260000,0.45160000,0.43560000,0.44490000,30453246.00000000
2023-09-15,0.44520000,0.44850000,0.43170000,0.44640000,30198401.70000000
2023-09-16,0.44630000,0.46710000,0.44550000,0.46670000,38319002.20000000
2023-09-17,0.46670000,0.46670000,0.42500000,0.43450000,27231358.30000000
2023-09-18,0.43460000,0.45330000,0.42590000,0.44800000,30849782.60000000
2023-09-19,0.44790000,0.45680000,0.44670000,0.45420000,21957321.60000000
2023-09-20,0.45430000,0.45520000,0.43680000,0.44660000,16774179.00000000
2023-09-21,0.44650000,0.45820000,0.43320000,0.44020000,19918218.80000000
2023-09-22,0.44000000,0.44580000,0.43320000,0.44500000,15505494.20000000
2023-09-23,0.44500000,0.45110000,0.43970000,0.44610000,14274555.10000000
2023-09-24,0.44590000,0.46470000,0.43540000,0.43900000,36909695.30000000
2023-09-25,0.43870000,0.44940000,0.43230000,0.44280000,20322037.60000000
2023-09-26,0.44290000,0.44530000,0.43390000,0.43860000,15728469.40000000
2023-09-27,0.43840000,0.44410000,0.42730000,0.43740000,21024158.80000000
2023-09-28,0.43720000,0.44990000,0.43460000,0.44740000,25377489.40000000
2023-09-29,0.44730000,0.49710000,0.44410000,0.47910000,77195425.50000000
2023-09-30,0.47920000,0.48610000,0.46200000,0.47030000,29631105.70000000
2023-10-01,0.47030000,0.50990000,0.46440000,0.50700000,49236386.60000000
2023-10-02,0.50710000,0.50770000,0.45790000,0.46630000,36785719.30000000
2023-10-03,0.46630000,0.46870000,0.44120000,0.44450000,43222511.90000000
2023-10-04,0.44440000,0.44740000,0.42520000,0.44180000,35082375.40000000
2023-10-05,0.44190000,0.44920000,0.43230000,0.43420000,39556120.00000000
2023-10-06,0.43440000,0.44860000,0.43300000,0.44360000,23925183.40000000
2023-10-07,0.44350000,0.45920000,0.43840000,0.44270000,27226113.50000000
2023-10-08,0.44210000,0.44420000,0.43440000,0.43770000,11752428.00000000
2023-10-09,0.43790000,0.43880000,0.40180000,0.41640000,37585892.30000000
2023-10-10,0.41630000,0.41890000,0.41120000,0.41580000,15350839.60000000
2023-10-11,0.41600000,0.41730000,0.40070000,0.40990000,21305732.50000000
2023-10-12,0.40980000,0.41290000,0.40060000,0.40740000,18660811.70000000
2023-10-13,0.40730000,0.42430000,0.40560000,0.41340000,26109035.70000000
2023-10-14,0.41350000,0.41940000,0.41140000,0.41550000,11373006.90000000
2023-10-15,0.41550000,0.41600000,0.40510000,0.41050000,22135882.90000000
2023-10-16,0.41050000,0.43000000,0.40410000,0.41030000,43199651.30000000
2023-10-17,0.41060000,0.41180000,0.36880000,0.38060000,53232516.30000000
2023-10-18,0.38070000,0.39020000,0.36420000,0.38260000,38619964.50000000
2023-10-19,0.38250000,0.38290000,0.36200000,0.37030000,35159068.10000000
2023-10-20,0.37030000,0.38870000,0.36430000,0.38270000,39028545.30000000
2023-10-21,0.38280000,0.40020000,0.37950000,0.39080000,35754376.90000000
2023-10-22,0.39090000,0.41940000,0.38740000,0.40430000,49438706.80000000
2023-10-23,0.40430000,0.42140000,0.39200000,0.42080000,55148304.70000000
2023-10-24,0.42060000,0.45940000,0.41400000,0.43450000,106902692.80000000
2023-10-25,0.43420000,0.45050000,0.41960000,0.43690000,61986933.30000000
2023-10-26,0.43700000,0.46350000,0.41670000,0.44010000,66326525.10000000
2023-10-27,0.44000000,0.45600000,0.42030000,0.43080000,49983537.90000000
2023-10-28,0.43080000,0.47860000,0.43060000,0.46710000,63349266.00000000
2023-10-29,0.46730000,0.46960000,0.45050000,0.45270000,32275453.10000000
2023-10-30,0.45270000,0.47390000,0.44280000,0.46280000,42131065.90000000
2023-10-31,0.46300000,0.47590000,0.42000000,0.44290000,51456242.40000000
2023-11-01,0.44280000,0.47260000,0.42510000,0.46510000,55925184.10000000
2023-11-02,0.46520000,0.48130000,0.44090000,0.45840000,60651589.50000000
2023-11-03,0.45860000,0.45860000,0.43140000,0.45540000,38439284.30000000
2023-11-04,0.45540000,0.51960000,0.45090000,0.50640000,76956310.60000000
2023-11-05,0.50640000,0.52380000,0.48180000,0.50010000,85487956.90000000
2023-11-06,0.49990000,0.53780000,0.48630000,0.52850000,71649452.60000000
2023-11-07,0.52850000,0.52860000,0.49150000,0.52350000,65443723.50000000
2023-11-08,0.52350000,0.60000000,0.51710000,0.57800000,96368459.40000000
2023-11-09,0.57810000,0.60780000,0.47970000,0.56100000,120967985.00000000
2023-11-10,0.56100000,0.62600000,0.53400000,0.60950000,89679480.60000000
2023-11-11,0.60940000,0.61420000,0.56750000,0.59210000,72907016.30000000
2023-11-12,0.59230000,0.64590000,0.55750000,0.61790000,98670799.90000000
2023-11-13,0.61790000,0.66000000,0.60030000,0.60050000,123195516.90000000
2023-11-14,0.60100000,0.63000000,0.53900000,0.56620000,89007764.20000000
2023-11-15,0.56600000,0.62090000,0.55980000,0.61900000,66260516.80000000
2023-11-16,0.61910000,0.64220000,0.55050000,0.56520000,88165111.40000000
2023-11-17,0.56520000,0.58620000,0.52500000,0.55410000,71207773.10000000
2023-11-18,0.55400000,0.55770000,0.51400000,0.54660000,47583788.20000000
2023-11-19,0.54630000,0.56700000,0.52820000,0.56330000,32158965.40000000
2023-11-20,0.56320000,0.57860000,0.54250000,0.55470000,42875694.20000000
2023-11-21,0.55470000,0.58280000,0.50000000,0.50220000,72952450.00000000
2023-11-22,0.50230000,0.56370000,0.50020000,0.55620000,41751934.80000000
2023-11-23,0.55660000,0.59550000,0.55190000,0.58850000,81215896.80000000
2023-11-24,0.58840000,0.64220000,0.58140000,0.62670000,78821348.60000000
2023-11-25,0.62680000,0.68910000,0.62140000,0.65530000,82948455.30000000
2023-11-26,0.65550000,0.67000000,0.60720000,0.63490000,59166288.10000000
2023-11-27,0.63490000,0.64750000,0.57700000,0.59330000,50280300.50000000
2023-11-28,0.59340000,0.63000000,0.56390000,0.61800000,49054539.60000000
2023-11-29,0.61790000,0.62340000,0.57810000,0.60100000,51507042.20000000
2023-11-30,0.60100000,0.64400000,0.58700000,0.59710000,63018536.50000000
2023-12-01,0.59710000,0.62800000,0.59110000,0.61310000,41749018.80000000
2023-12-02,0.61310000,0.63390000,0.60340000,0.62530000,36109675.30000000
2023-12-03,0.62530000,0.63010000,0.59730000,0.61530000,34898284.60000000
2023-12-04,0.61520000,0.63900000,0.55570000,0.62900000,82245604.60000000
2023-12-05,0.62890000,0.65900000,0.61710000,0.64430000,88897772.90000000
2023-12-06,0.64440000,0.66240000,0.60330000,0.62010000,62213021.20000000
2023-12-07,0.62020000,0.68690000,0.60450000,0.67130000,73208399.50000000
2023-12-08,0.67140000,0.71470000,0.66840000,0.70290000,61541405.60000000
2023-12-09,0.70290000,0.72680000,0.67050000,0.67780000,54094642.50000000
2023-12-10,0.67830000,0.71590000,0.66710000,0.69250000,36017917.30000000
2023-12-11,0.69260000,0.71430000,0.60680000,0.62910000,73485603.60000000
2023-12-12,0.62910000,0.66400000,0.61900000,0.65970000,57449522.70000000
2023-12-13,0.65970000,0.66640000,0.60500000,0.65270000,48333175.90000000
2023-12-14,0.65290000,0.67000000,0.62620000,0.65450000,43024784.60000000
2023-12-15,0.65460000,0.65560000,0.61530000,0.61750000,47371853.60000000
2023-12-16,0.61750000,0.64980000,0.60010000,0.63220000,39995658.50000000
2023-12-17,0.63220000,0.63650000,0.60430000,0.61050000,35036771.80000000
2023-12-18,0.61040000,0.61940000,0.56350000,0.61050000,44846874.50000000
2023-12-19,0.61050000,0.71890000,0.60520000,0.67860000,143587474.80000000
2023-12-20,0.67870000,0.74770000,0.64460000,0.68800000,166502952.70000000
2023-12-21,0.68810000,0.71840000,0.67060000,0.68760000,73148502.30000000
2023-12-22,0.68750000,0.70070000,0.65640000,0.69500000,72166871.50000000
2023-12-23,0.69500000,0.75920000,0.69200000,0.75340000,117380697.80000000
2023-12-24,0.75360000,0.76330000,0.70140000,0.71420000,73435933.20000000
2023-12-25,0.71400000,0.82860000,0.70940000,0.81660000,113316091.40000000
2023-12-26,0.81680000,0.90900000,0.77370000,0.88380000,167203995.40000000
2023-12-27,0.88410000,0.92160000,0.82070000,0.83010000,88139236.00000000
2023-12-28,0.83010000,0.86400000,0.77680000,0.79660000,70652644.00000000
2023-12-29,0.79660000,0.84300000,0.76000000,0.80570000,72274750.60000000
2023-12-30,0.80590000,0.82300000,0.76930000,0.80820000,44135893.50000000
2023-12-31,0.80850000,0.83080000,0.76370000,0.77520000,44887190.70000000
2024-01-01,0.77530000,0.84780000,0.75570000,0.84380000,49861871.30000000
2024-01-02,0.84380000,0.93200000,0.84000000,0.90620000,84656192.40000000
2024-01-03,0.90610000,0.94200000,0.68000000,0.84370000,117518664.70000000
2024-01-04,0.84330000,0.87110000,0.80520000,0.85350000,66211263.30000000
2024-01-05,0.85380000,0.90070000,0.76760000,0.89990000,103603153.70000000
2024-01-06,0.90000000,0.90000000,0.80720000,0.83160000,107795140.00000000
2024-01-07,0.83140000,0.86110000,0.79130000,0.80020000,58673033.60000000
2024-01-08,0.79980000,0.88430000,0.72010000,0.85990000,101693897.90000000
2024-01-09,0.86000000,0.87430000,0.77580000,0.79830000,68032703.80000000
2024-01-10,0.79820000,0.86220000,0.76010000,0.84200000,67551369.30000000
2024-01-11,0.84190000,1.15000000,0.83010000,1.09270000,230058893.70000000
2024-01-12,1.09280000,1.22660000,1.04340000,1.16850000,227509398.00000000
2024-01-13,1.16850000,1.36450000,1.11960000,1.28950000,190351346.80000000
2024-01-14,1.28920000,1.35360000,1.23210000,1.25060000,96303379.30000000
2024-01-15,1.25080000,1.45080000,1.25000000,1.37160000,138216376.70000000
2024-01-16,1.37210000,1.39860000,1.23940000,1.27040000,82880388.40000000
2024-01-17,1.27020000,1.32990000,1.20200000,1.29330000,87158187.30000000
2024-01-18,1.29340000,1.34720000,1.14380000,1.15860000,102146734.80000000
2024-01-19,1.15860000,1.19230000,1.08400000,1.16590000,90967523.90000000
2024-01-20,1.16590000,1.16630000,1.05700000,1.10240000,61866223.80000000
2024-01-21,1.10230000,1.13000000,1.05520000,1.06130000,46336048.20000000
2024-01-22,1.06110000,1.13120000,1.00740000,1.07390000,101333899.60000000
2024-01-23,1.07380000,1.22740000,1.01300000,1.18590000,215824409.20000000
2024-01-24,1.18600000,1.31750000,1.14240000,1.29260000,130547364.90000000
2024-01-25,1.29250000,1.29400000,1.16250000,1.17850000,91191076.20000000
2024-01-26,1.17850000,1.47220000,1.15640000,1.45880000,123269992.90000000
2024-01-27,1.45890000,1.49600000,1.36940000,1.39460000,82738155.70000000
2024-01-28,1.39470000,1.48940000,1.31010000,1.33310000,85197325.90000000
2024-01-29,1.33310000,1.58820000,1.32720000,1.56230000,114103154.30000000
2024-01-30,1.56240000,1.65000000,1.51420000,1.54480000,94120047.40000000
2024-01-31,1.54470000,1.63990000,1.48000000,1.51870000,113922171.70000000
2024-02-01,1.51860000,1.56790000,1.43190000,1.52590000,91534788.00000000
2024-02-02,1.52590000,1.54540000,1.44470000,1.46250000,55324328.90000000
2024-02-03,1.46250000,1.48510000,1.38770000,1.43770000,51362761.80000000
2024-02-04,1.43760000,1.54030000,1.42370000,1.46470000,57462915.10000000
2024-02-05,1.46440000,1.66300000,1.43300000,1.57600000,71896899.90000000
2024-02-06,1.57580000,1.61520000,1.51000000,1.51780000,53454617.50000000
2024-02-07,1.51810000,1.56080000,1.48610000,1.54110000,52886300.60000000
2024-02-08,1.54070000,1.58700000,1.50400000,1.52620000,42000939.70000000
2024-02-09,1.52610000,1.80800000,1.51950000,1.76120000,90322002.00000000
2024-02-10,1.76130000,1.81390000,1.69940000,1.73150000,54169291.50000000
2024-02-11,1.73150000,1.79870000,1.67800000,1.69450000,41853407.50000000
2024-02-12,1.69440000,1.82990000,1.68690000,1.76190000,72512722.90000000
2024-02-13,1.76190000,1.87960000,1.72800000,1.85580000,74022290.10000000
2024-02-14,1.85590000,1.97400000,1.81260000,1.90540000,56848795.90000000
2024-02-15,1.90520000,1.94670000,1.82020000,1.86290000,57846445.20000000
2024-02-16,1.86280000,1.88090000,1.74360000,1.80720000,43569712.30000000
2024-02-17,1.80740000,1.81420000,1.70220000,1.76770000,39362421.80000000
2024-02-18,1.76770000,1.81570000,1.73320000,1.79970000,42587814.40000000
2024-02-19,1.79960000,1.83410000,1.73670000,1.77350000,43431578.80000000
2024-02-20,1.77350000,1.77800000,1.61770000,1.71690000,59833249.90000000
2024-02-21,1.71680000,1.72190000,1.61830000,1.69220000,52865348.80000000
2024-02-22,1.69230000,1.77220000,1.63890000,1.71870000,80400800.10000000
2024-02-23,1.71870000,1.74810000,1.56460000,1.60340000,71291577.40000000
2024-02-24,1.60330000,1.66670000,1.55240000,1.63600000,43241028.40000000
2024-02-25,1.63600000,1.65550000,1.61310000,1.64550000,26919210.40000000
2024-02-26,1.64550000,1.71670000,1.57890000,1.67050000,51256819.10000000
2024-02-27,1.67050000,1.70470000,1.56800000,1.61480000,66342323.70000000
2024-02-28,1.61500000,1.71970000,1.37000000,1.58340000,96049071.40000000
2024-02-29,1.58360000,1.71550000,1.56890000,1.67690000,81666912.10000000
2024-03-01,1.67690000,1.74460000,1.65250000,1.69030000,48416699.90000000
2024-03-02,1.69030000,1.69930000,1.58690000,1.62100000,64153784.10000000
2024-03-03,1.62110000,1.62830000,1.42100000,1.55900000,47036955.90000000
2024-03-04,1.55920000,1.59100000,1.43330000,1.48680000,68233882.40000000
2024-03-05,1.48690000,1.58660000,1.21200000,1.39620000,134022202.50000000
2024-03-06,1.39620000,1.50970000,1.35850000,1.47490000,96038560.80000000
2024-03-07,1.47500000,1.62000000,1.47110000,1.57990000,87952748.60000000
2024-03-08,1.58000000,1.60240000,1.45300000,1.54390000,61709636.90000000
2024-03-09,1.54380000,1.67150000,1.51870000,1.58380000,75145803.80000000
2024-03-10,1.58390000,1.65200000,1.51610000,1.55530000,58171870.90000000
2024-03-11,1.55520000,1.59250000,1.47500000,1.57170000,61375310.30000000
2024-03-12,1.57180000,1.63470000,1.43000000,1.59930000,87289396.50000000
2024-03-13,1.59940000,1.69700000,1.57020000,1.62120000,69903768.90000000
2024-03-14,1.62130000,1.66020000,1.47200000,1.56720000,80903781.30000000
2024-03-15,1.56720000,1.58220000,1.33860000,1.49270000,118382583.30000000
2024-03-16,1.49270000,1.72000000,1.48500000,1.63420000,189146912.20000000
2024-03-17,1.63410000,1.63880000,1.43510000,1.61850000,98625361.40000000
2024-03-18,1.61850000,1.75400000,1.51770000,1.52360000,132910747.20000000
2024-03-19,1.52360000,1.73710000,1.43000000,1.64640000,180002263.60000000
2024-03-20,1.64630000,1.78000000,1.49940000,1.75370000,146183486.10000000
2024-03-21,1.75370000,1.94860000,1.74040000,1.82640000,117945724.60000000
2024-03-22,1.82640000,1.83190000,1.68370000,1.73130000,68117143.60000000
2024-03-23,1.73120000,1.73800000,1.64120000,1.64450000,39798958.60000000
2024-03-24,1.64470000,1.69890000,1.61860000,1.67830000,33241413.90000000
2024-03-25,1.67870000,1.74780000,1.65440000,1.70360000,40307879.60000000
2024-03-26,1.70350000,1.89700000,1.69660000,1.88580000,71201858.00000000
2024-03-27,1.88590000,2.18290000,1.85570000,2.07540000,151806455.40000000
2024-03-28,2.07540000,2.16750000,1.95880000,2.02190000,76805116.80000000
2024-03-29,2.02190000,2.14720000,1.90150000,1.90300000,69915223.00000000
2024-03-30,1.90300000,1.95540000,1.86610000,1.88050000,33390488.50000000
2024-03-31,1.88050000,1.92630000,1.86510000,1.91370000,22474795.40000000
2024-04-01,1.91430000,2.02630000,1.80000000,1.93980000,90669121.10000000
2024-04-02,1.93990000,2.00540000,1.72680000,1.73300000,72666519.30000000
2024-04-03,1.73310000,1.76550000,1.63630000,1.66810000,47017781.80000000
2024-04-04,1.66820000,1.74300000,1.65740000,1.68390000,28219103.50000000
2024-04-05,1.68390000,1.68400000,1.54060000,1.60750000,33976164.70000000
2024-04-06,1.60770000,1.64450000,1.60040000,1.62480000,16031036.80000000
2024-04-07,1.62470000,1.66820000,1.61700000,1.64210000,23997449.70000000
2024-04-08,1.64190000,1.72250000,1.61890000,1.70990000,28923342.60000000
2024-04-09,1.70960000,1.71880000,1.56910000,1.57480000,35189920.90000000
2024-04-10,1.57450000,1.58410000,1.46000000,1.52160000,50288571.40000000
2024-04-11,1.52170000,1.56040000,1.47530000,1.49040000,33437961.40000000
2024-04-12,1.49040000,1.51440000,1.04000000,1.23940000,91574972.60000000
2024-04-13,1.23950000,1.24610000,0.88560000,1.06110000,125853856.50000000
2024-04-14,1.06120000,1.20970000,1.02460000,1.19850000,97501860.20000000
2024-04-15,1.19830000,1.29820000,1.11520000,1.17160000,72404119.70000000
2024-04-16,1.17160000,1.23350000,1.10500000,1.22390000,62164842.80000000
2024-04-17,1.22390000,1.35780000,1.17700000,1.25980000,77597271.60000000
2024-04-18,1.25980000,1.28850000,1.19840000,1.25520000,58880494.00000000
2024-04-19,1.25530000,1.39100000,1.13470000,1.33340000,70321259.10000000
2024-04-20,1.33310000,1.43540000,1.30480000,1.42720000,35667058.40000000
2024-04-21,1.42700000,1.44480000,1.34070000,1.37060000,26492903.90000000
2024-04-22,1.37010000,1.44000000,1.35420000,1.39250000,37627097.70000000
2024-04-23,1.39240000,1.41690000,1.31050000,1.32630000,30877236.10000000
2024-04-24,1.32620000,1.34910000,1.23660000,1.25060000,42188680.90000000
2024-04-25,1.25080000,1.26570000,1.18760000,1.22420000,33394239.60000000
2024-04-26,1.22420000,1.23020000,1.16140000,1.17370000,26300032.80000000
2024-04-27,1.17440000,1.23230000,1.11800000,1.21110000,28262859.80000000
2024-04-28,1.21120000,1.25990000,1.20580000,1.21770000,16291420.10000000
2024-04-29,1.21700000,1.23150000,1.16690000,1.19210000,23444592.60000000
2024-04-30,1.19220000,1.20590000,1.07200000,1.14380000,51828918.40000000
2024-05-01,1.14340000,1.16680000,1.06830000,1.14740000,47808647.30000000
2024-05-02,1.14740000,1.16060000,1.09260000,1.12120000,25852856.60000000
2024-05-03,1.12100000,1.14680000,1.06930000,1.11190000,50935228.50000000
2024-05-04,1.11160000,1.12490000,1.07660000,1.09100000,69997409.60000000
2024-05-05,1.09100000,1.12160000,1.05350000,1.09540000,45275978.20000000
2024-05-06,1.09560000,1.15190000,1.07870000,1.09320000,66082235.60000000
2024-05-07,1.09330000,1.14500000,1.07550000,1.07970000,53295683.60000000
2024-05-08,1.07960000,1.08330000,1.00480000,1.01050000,38955874.90000000
2024-05-09,1.01040000,1.04040000,0.97380000,1.02620000,46259992.30000000
2024-05-10,1.02620000,1.11080000,1.00220000,1.00760000,66435807.90000000
2024-05-11,1.00760000,1.03250000,0.99010000,0.99440000,23345682.60000000
2024-05-12,0.99440000,1.02080000,0.99170000,1.00370000,15056829.70000000
2024-05-13,1.00400000,1.01480000,0.94260000,0.96960000,38437656.70000000
2024-05-14,0.96950000,0.97650000,0.88510000,0.89640000,40546690.10000000
2024-05-15,0.89650000,1.02660000,0.88590000,0.99210000,57859367.50000000
2024-05-16,0.99180000,1.07540000,0.97530000,1.02400000,63811892.70000000
2024-05-17,1.02400000,1.10870000,1.00920000,1.07550000,50588536.80000000
2024-05-18,1.07550000,1.08980000,1.05160000,1.08110000,33072478.00000000
2024-05-19,1.08110000,1.08940000,1.01820000,1.02690000,23170385.90000000
2024-05-20,1.02680000,1.14700000,1.00810000,1.14670000,55969198.30000000
2024-05-21,1.14660000,1.17200000,1.11730000,1.14060000,42448589.00000000
2024-05-22,1.14070000,1.15440000,1.08090000,1.10510000,35988446.40000000
2024-05-23,1.10540000,1.13350000,1.00380000,1.07640000,59853518.90000000
2024-05-24,1.07620000,1.08580000,1.03160000,1.06760000,29968259.40000000
2024-05-25,1.06760000,1.08370000,1.05100000,1.06290000,18130530.30000000
2024-05-26,1.06290000,1.07040000,1.02210000,1.04190000,24747249.20000000
2024-05-27,1.04200000,1.08290000,1.03130000,1.07430000,26222430.30000000
2024-05-28,1.07440000,1.07590000,1.01370000,1.03030000,31740830.60000000
2024-05-29,1.03020000,1.04750000,1.00810000,1.01650000,26490573.80000000
2024-05-30,1.01640000,1.03540000,0.98000000,1.01300000,27003673.10000000
2024-05-31,1.01290000,1.03400000,0.99510000,1.02340000,19765509.50000000
2024-06-01,1.02330000,1.03650000,1.00960000,1.02400000,12928706.50000000
2024-06-02,1.02390000,1.03890000,1.00700000,1.01640000,18643898.50000000
2024-06-03,1.01650000,1.05610000,1.01340000,1.04000000,25420198.10000000
2024-06-04,1.03990000,1.05590000,1.01210000,1.05400000,23556842.00000000
2024-06-05,1.05390000,1.10490000,1.04630000,1.10410000,37117447.20000000
2024-06-06,1.10410000,1.13640000,1.08570000,1.11320000,32681986.70000000
2024-06-07,1.11320000,1.17190000,0.98300000,1.08100000,71390493.10000000
2024-06-08,1.08090000,1.17110000,1.06370000,1.10410000,66568450.90000000
2024-06-09,1.10400000,1.12950000,1.06390000,1.09400000,36383658.50000000
2024-06-10,1.09400000,1.09640000,1.03110000,1.03380000,35749513.20000000
2024-06-11,1.03380000,1.04390000,0.98000000,0.99210000,35039005.00000000
2024-06-12,0.99220000,1.05450000,0.96000000,1.01850000,42348013.60000000
2024-06-13,1.01860000,1.02070000,0.95830000,0.96580000,26224475.20000000
2024-06-14,0.96590000,1.00320000,0.90210000,0.92940000,33126737.50000000
2024-06-15,0.92950000,0.95940000,0.92610000,0.94440000,15957712.90000000
2024-06-16,0.94460000,0.97000000,0.92320000,0.96980000,13246679.30000000
2024-06-17,0.96990000,0.98520000,0.86160000,0.89070000,35360997.90000000
2024-06-18,0.89090000,0.89430000,0.75300000,0.80010000,63848818.40000000
2024-06-19,0.80010000,0.87580000,0.79120000,0.86540000,32788758.20000000
2024-06-20,0.86550000,0.92390000,0.85820000,0.89420000,29446722.30000000
2024-06-21,0.89440000,0.92030000,0.86620000,0.92010000,29794877.70000000
2024-06-22,0.92000000,0.92470000,0.88750000,0.89090000,14920583.40000000
2024-06-23,0.89070000,0.94330000,0.87750000,0.88110000,24871068.40000000
2024-06-24,0.88120000,0.89870000,0.80750000,0.89490000,46237797.50000000
2024-06-25,0.89490000,0.90700000,0.86950000,0.87850000,23223876.40000000
2024-06-26,0.87830000,0.89050000,0.82010000,0.82970000,20735647.80000000
2024-06-27,0.82960000,0.87140000,0.82570000,0.83680000,16023314.40000000
2024-06-28,0.83680000,0.84480000,0.78640000,0.79080000,19491347.40000000
2024-06-29,0.79070000,0.80590000,0.78000000,0.78250000,11303682.50000000
2024-06-30,0.78250000,0.82500000,0.77280000,0.82010000,14990091.20000000
2024-07-01,0.82000000,0.83570000,0.80560000,0.80920000,12705330.00000000
2024-07-02,0.80920000,0.83700000,0.79970000,0.82540000,12702147.70000000
2024-07-03,0.82560000,0.83000000,0.76730000,0.77600000,19755637.70000000
2024-07-04,0.77610000,0.78350000,0.66970000,0.67360000,44684192.60000000
2024-07-05,0.67350000,0.67480000,0.57280000,0.64390000,98167274.00000000
2024-07-06,0.64390000,0.70030000,0.63980000,0.69380000,23188963.40000000
2024-07-07,0.69380000,0.69810000,0.63680000,0.64000000,25868404.10000000
2024-07-08,0.64010000,0.69700000,0.61260000,0.67340000,42404731.70000000
2024-07-09,0.67330000,0.75590000,0.66660000,0.74340000,35158769.20000000
2024-07-10,0.74340000,0.76770000,0.71930000,0.73790000,36383341.80000000
2024-07-11,0.73800000,0.77860000,0.72670000,0.75580000,33474603.60000000
2024-07-12,0.75590000,0.77180000,0.73080000,0.74830000,22967832.90000000
2024-07-13,0.74840000,0.76730000,0.74280000,0.75790000,9163058.10000000
2024-07-14,0.75790000,0.81940000,0.75690000,0.80730000,23343492.40000000
2024-07-15,0.80700000,0.84960000,0.79310000,0.84420000,22725535.00000000
2024-07-16,0.84400000,0.88360000,0.81590000,0.86730000,32832533.20000000
2024-07-17,0.86740000,0.89200000,0.83910000,0.84010000,26136809.10000000
2024-07-18,0.84020000,0.85680000,0.78620000,0.81090000,27442227.90000000
2024-07-19,0.81100000,0.86310000,0.79650000,0.85400000,27127662.00000000
2024-07-20,0.85400000,0.89180000,0.84340000,0.85030000,36547373.60000000
2024-07-21,0.85050000,0.85960000,0.81040000,0.85910000,22050839.50000000
2024-07-22,0.85930000,0.90240000,0.82580000,0.83140000,33518533.20000000
2024-07-23,0.83140000,0.84710000,0.80000000,0.81450000,23866701.70000000
2024-07-24,0.81440000,0.82620000,0.76460000,0.77090000,19026972.00000000
2024-07-25,0.77080000,0.77170000,0.71000000,0.74970000,31015641.80000000
2024-07-26,0.74960000,0.79340000,0.74660000,0.78720000,15562233.30000000
2024-07-27,0.78720000,0.79900000,0.76310000,0.78440000,15518756.20000000
2024-07-28,0.78440000,0.78440000,0.74350000,0.74980000,10504405.10000000
2024-07-29,0.74980000,0.78510000,0.73620000,0.74000000,22378568.50000000
2024-07-30,0.74010000,0.75110000,0.69400000,0.70780000,16197072.10000000
2024-07-31,0.70780000,0.72640000,0.69360000,0.70710000,20256732.50000000
2024-08-01,0.70710000,0.71800000,0.65710000,0.69610000,30174666.10000000
2024-08-02,0.69590000,0.70070000,0.63470000,0.63810000,28628162.90000000
2024-08-03,0.63810000,0.65370000,0.59380000,0.61040000,27580379.50000000
2024-08-04,0.61050000,0.62970000,0.56300000,0.57750000,32259200.00000000
2024-08-05,0.57770000,0.58150000,0.46250000,0.53480000,143632639.70000000
2024-08-06,0.53490000,0.61560000,0.53420000,0.60120000,43417143.40000000
2024-08-07,0.60130000,0.65040000,0.59050000,0.61670000,71136394.10000000
2024-08-08,0.61680000,0.86280000,0.60000000,0.85250000,106374470.50000000
2024-08-09,0.85250000,0.87990000,0.82460000,0.85520000,86091811.20000000
2024-08-10,0.85550000,0.96000000,0.84820000,0.91960000,90203179.20000000
2024-08-11,0.91950000,0.93060000,0.85850000,0.87370000,83318637.80000000
2024-08-12,0.87350000,1.11740000,0.87310000,1.01430000,207599158.10000000
2024-08-13,1.01430000,1.01650000,0.93240000,0.95520000,97919896.30000000
2024-08-14,0.95520000,0.97280000,0.88600000,0.93400000,95649879.30000000
2024-08-15,0.93400000,0.93940000,0.82310000,0.84520000,90003021.00000000
2024-08-16,0.84520000,0.88470000,0.80620000,0.81170000,74650146.70000000
2024-08-17,0.81180000,0.85100000,0.79820000,0.82810000,49766820.40000000
2024-08-18,0.82810000,0.85730000,0.81820000,0.82460000,51174429.80000000
2024-08-19,0.82470000,0.91720000,0.81040000,0.90120000,76421562.70000000
2024-08-20,0.90120000,0.92950000,0.86570000,0.87060000,64981265.00000000
2024-08-21,0.87060000,0.88450000,0.83230000,0.84960000,51840109.50000000
2024-08-22,0.84950000,0.86520000,0.83340000,0.85200000,32927573.80000000
2024-08-23,0.85210000,1.03650000,0.85100000,1.01580000,127653951.20000000
2024-08-24,1.01580000,1.05650000,0.98550000,1.01800000,72774929.30000000
2024-08-25,1.01800000,1.02200000,0.95660000,0.99900000,51571297.20000000
2024-08-26,0.99880000,1.01440000,0.92630000,0.92650000,61512975.20000000
2024-08-27,0.92650000,0.97680000,0.83210000,0.84750000,98545184.10000000
2024-08-28,0.84750000,0.85130000,0.76240000,0.80980000,102134172.20000000
2024-08-29,0.80990000,0.85450000,0.79300000,0.80340000,43376613.90000000
2024-08-30,0.80310000,0.83780000,0.76620000,0.83190000,54436347.40000000
2024-08-31,0.83190000,0.83630000,0.78430000,0.79620000,18408188.00000000
2024-09-01,0.79610000,0.81290000,0.75600000,0.76060000,31744602.40000000
2024-09-02,0.76060000,0.79900000,0.74150000,0.78710000,49959677.00000000
2024-09-03,0.78690000,0.83760000,0.78000000,0.78530000,70342965.80000000
2024-09-04,0.78530000,0.83390000,0.74870000,0.80890000,84941125.80000000
2024-09-05,0.80900000,0.84030000,0.78000000,0.79710000,57948202.90000000
2024-09-06,0.79690000,0.88800000,0.78890000,0.83760000,133475992.00000000
2024-09-07,0.83770000,0.91800000,0.82880000,0.89140000,86081760.40000000
2024-09-08,0.89140000,0.98650000,0.88420000,0.93930000,121487123.50000000
2024-09-09,0.93930000,0.97400000,0.89480000,0.95810000,99835988.80000000
2024-09-10,0.95810000,0.97110000,0.90930000,0.91790000,67158179.20000000
2024-09-11,0.91800000,0.93350000,0.86630000,0.93010000,77852429.60000000
2024-09-12,0.93010000,1.07110000,0.92720000,1.03950000,172554812.20000000
2024-09-13,1.03950000,1.04850000,0.99270000,1.02750000,77659545.60000000
2024-09-14,1.02750000,1.06920000,1.00310000,1.04450000,70951080.90000000
2024-09-15,1.04450000,1.14200000,1.04100000,1.07870000,119458567.70000000
2024-09-16,1.07870000,1.13000000,1.02270000,1.04190000,121959331.60000000
2024-09-17,1.04200000,1.19070000,1.01770000,1.16940000,138968931.60000000
2024-09-18,1.16940000,1.31820000,1.14230000,1.31410000,158333097.30000000
2024-09-19,1.31420000,1.41100000,1.30780000,1.37900000,143053971.80000000
2024-09-20,1.37940000,1.57690000,1.34830000,1.46980000,194812369.30000000
2024-09-21,1.46990000,1.51250000,1.43230000,1.48160000,74460372.80000000
2024-09-22,1.48170000,1.63410000,1.42100000,1.58480000,140413689.70000000
2024-09-23,1.58500000,1.64660000,1.50880000,1.53480000,122618733.60000000
2024-09-24,1.53480000,1.79290000,1.49310000,1.74300000,161221042.40000000
2024-09-25,1.74310000,1.77550000,1.64600000,1.69780000,108055585.20000000
2024-09-26,1.69780000,1.75750000,1.60030000,1.64010000,124514188.20000000
2024-09-27,1.64010000,1.73470000,1.61480000,1.65680000,92755138.10000000
2024-09-28,1.65680000,1.69360000,1.60690000,1.68700000,54053976.40000000
2024-09-29,1.68690000,1.85000000,1.62800000,1.75800000,125526080.00000000
2024-09-30,1.75850000,1.84080000,1.70120000,1.77430000,98018408.30000000
2024-10-01,1.77420000,1.93350000,1.65890000,1.75710000,211076097.40000000
2024-10-02,1.75720000,1.93190000,1.73870000,1.85600000,167386161.80000000
2024-10-03,1.85600000,2.01160000,1.59830000,1.66330000,213728209.70000000
2024-10-04,1.66330000,1.82390000,1.62350000,1.77310000,148336372.40000000
2024-10-05,1.77320000,1.78840000,1.69190000,1.75410000,61118272.00000000
2024-10-06,1.75440000,1.86660000,1.70810000,1.84100000,75059039.60000000
2024-10-07,1.84090000,2.16800000,1.83640000,2.01730000,191514458.70000000
2024-10-08,2.01730000,2.13470000,1.92950000,1.98680000,147218821.70000000
2024-10-09,1.98690000,1.99740000,1.84350000,1.87550000,118288209.70000000
2024-10-10,1.87560000,1.90490000,1.74670000,1.83450000,109114892.50000000
2024-10-11,1.83470000,2.08760000,1.79000000,2.05400000,132738620.20000000
2024-10-12,2.05400000,2.28820000,2.00320000,2.24150000,130700373.50000000
2024-10-13,2.24200000,2.36800000,2.12350000,2.34380000,115307630.40000000
2024-10-14,2.34360000,2.34980000,2.20890000,2.25010000,123867777.80000000
2024-10-15,2.25020000,2.27480000,1.97250000,2.05970000,186775464.60000000
2024-10-16,2.05960000,2.15520000,1.97580000,2.08280000,108691392.50000000
2024-10-17,2.08290000,2.16310000,1.99730000,2.02490000,85940364.80000000
2024-10-18,2.02480000,2.15280000,2.00880000,2.12560000,58367169.70000000
2024-10-19,2.12560000,2.12560000,2.04010000,2.06280000,32190754.00000000
2024-10-20,2.06270000,2.15430000,2.04330000,2.12820000,56575161.40000000
2024-10-21,2.12830000,2.17960000,1.99720000,2.00960000,69497941.00000000
2024-10-22,2.00960000,2.03360000,1.87580000,1.93930000,73977532.50000000
2024-10-23,1.93940000,1.99900000,1.86570000,1.97750000,78991736.40000000
2024-10-24,1.97750000,2.05180000,1.92500000,1.93690000,59493671.40000000
2024-10-25,1.93700000,1.94430000,1.64000000,1.75200000,86182096.10000000
2024-10-26,1.75200000,1.84640000,1.70040000,1.79500000,65712671.00000000
2024-10-27,1.79520000,1.82700000,1.72480000,1.75590000,42099096.90000000
2024-10-28,1.75590000,1.78860000,1.59830000,1.77290000,98007478.00000000
2024-10-29,1.77260000,2.09990000,1.76370000,2.07310000,153598383.00000000
2024-10-30,2.07180000,2.13290000,1.97830000,2.08280000,89395492.90000000
2024-10-31,2.08270000,2.09870000,1.93680000,1.97150000,72447217.10000000
2024-11-01,1.97150000,2.10990000,1.91600000,1.99000000,94842609.90000000
2024-11-02,1.99050000,2.02580000,1.86870000,1.90830000,46068159.00000000
2024-11-03,1.90830000,1.96410000,1.77150000,1.94660000,83263197.60000000
2024-11-04,1.94640000,1.96770000,1.79140000,1.84950000,81131379.10000000
2024-11-05,1.84940000,2.07020000,1.84210000,2.00900000,101508126.50000000
2024-11-06,2.00930000,2.35540000,1.99900000,2.30420000,205768183.00000000
2024-11-07,2.30380000,2.38800000,2.20810000,2.31900000,95635598.90000000
2024-11-08,2.31930000,2.38280000,2.20440000,2.28830000,85454684.40000000
2024-11-09,2.28830000,2.85000000,2.23040000,2.74770000,134954950.80000000
2024-11-10,2.74780000,3.15400000,2.69710000,3.03310000,236070636.00000000
2024-11-11,3.03280000,3.31400000,3.02280000,3.27260000,199796358.70000000
2024-11-12,3.27250000,3.33170000,2.82350000,3.21510000,175587404.00000000
2024-11-13,3.21480000,3.44240000,2.85000000,3.30390000,182732752.50000000
2024-11-14,3.30390000,3.52840000,3.22330000,3.35340000,125389871.40000000
2024-11-15,3.35320000,3.67960000,3.10000000,3.61070000,116034766.30000000
2024-11-16,3.61080000,3.93600000,3.57920000,3.76070000,108161146.40000000
2024-11-17,3.76100000,3.94090000,3.57320000,3.78390000,111441563.60000000
2024-11-18,3.78460000,3.90980000,3.60570000,3.69920000,83318827.70000000
2024-11-19,3.69930000,3.85000000,3.60430000,3.72400000,63587904.50000000
2024-11-20,3.72380000,3.84430000,3.42290000,3.52470000,85245452.80000000
2024-11-21,3.52490000,3.69700000,3.32320000,3.62520000,101461563.70000000
2024-11-22,3.62530000,3.65560000,3.39340000,3.56530000,75576988.50000000
2024-11-23,3.56490000,3.65960000,3.34000000,3.43670000,92252268.00000000
2024-11-24,3.43690000,3.57050000,3.13670000,3.39580000,83624554.90000000
2024-11-25,3.39630000,3.48530000,3.10130000,3.19260000,97009654.60000000
2024-11-26,3.19200000,3.54140000,2.97220000,3.49440000,131509948.20000000
2024-11-27,3.49440000,3.50280000,3.27510000,3.43320000,73196702.50000000
2024-11-28,3.43320000,3.65540000,3.39220000,3.44360000,73918092.70000000
2024-11-29,3.44360000,3.58000000,3.35840000,3.48560000,62817169.50000000
2024-11-30,3.48550000,3.53390000,3.41150000,3.47580000,44862843.10000000
2024-12-01,3.47590000,3.53390000,3.33360000,3.47630000,48248863.10000000
2024-12-02,3.47630000,3.49300000,3.17830000,3.38940000,72501101.30000000
2024-12-03,3.38960000,3.87850000,3.32250000,3.69510000,190168789.20000000
2024-12-04,3.69550000,3.79330000,3.52140000,3.67370000,93733342.40000000
2024-12-05,3.67340000,4.44530000,3.52610000,4.22740000,214178300.30000000
2024-12-06,4.22690000,4.49000000,4.07520000,4.21710000,130522393.00000000
2024-12-07,4.21710000,4.44870000,4.15420000,4.25890000,64229595.10000000
2024-12-08,4.25910000,4.39830000,4.12140000,4.23220000,45534245.10000000
2024-12-09,4.23110000,4.27000000,3.35000000,3.83790000,132662733.30000000
2024-12-10,3.83700000,3.89840000,3.46310000,3.71350000,121862641.10000000
2024-12-11,3.71350000,4.40600000,3.56570000,4.37280000,100136534.40000000
2024-12-12,4.37290000,4.91360000,4.35430000,4.62090000,146971444.50000000
2024-12-13,4.62050000,4.92690000,4.54020000,4.76230000,79617007.80000000
2024-12-14,4.76220000,4.84550000,4.35020000,4.45920000,50497435.70000000
2024-12-15,4.45950000,4.85000000,4.35140000,4.78340000,56881957.60000000
2024-12-16,4.78420000,4.96000000,4.59870000,4.62860000,69394598.30000000
2024-12-17,4.62820000,4.86800000,4.56590000,4.64090000,56088100.00000000
2024-12-18,4.64080000,4.76300000,4.19000000,4.33610000,84978873.30000000
2024-12-19,4.33620000,4.59840000,3.93390000,4.07540000,131068350.30000000
2024-12-20,4.07530000,4.61930000,3.49200000,4.58150000,197631937.00000000
2024-12-21,4.58160000,4.90990000,4.23050000,4.36290000,122761811.80000000
2024-12-22,4.36300000,4.59510000,4.16400000,4.32570000,98198185.50000000
2024-12-23,4.32580000,4.75760000,4.10890000,4.71630000,95752445.50000000
2024-12-24,4.71600000,4.75800000,4.46470000,4.60590000,66727550.60000000
2024-12-25,4.60600000,4.64420000,4.45310000,4.49830000,37173241.80000000
2024-12-26,4.49860000,4.53420000,4.14830000,4.20240000,49242072.10000000
2024-12-27,4.20230000,4.41530000,4.05420000,4.08470000,53508066.90000000
2024-12-28,4.08480000,4.26780000,3.97820000,4.21330000,39076586.40000000
2024-12-29,4.21330000,4.28000000,4.05270000,4.09210000,26878303.70000000
2024-12-30,4.09220000,4.37480000,3.94600000,4.18110000,58145109.70000000
2024-12-31,4.18120000,4.34630000,4.04790000,4.12250000,46337644.70000000
2025-01-01,4.12260000,4.31870000,4.04600000,4.28470000,27318153.90000000
2025-01-02,4.28480000,4.46590000,4.25600000,4.35260000,33034319.50000000
2025-01-03,4.35270000,4.98880000,4.24360000,4.98430000,60704503.60000000
2025-01-04,4.98420000,5.35980000,4.84060000,5.29020000,97832735.20000000
2025-01-05,5.29020000,5.32560000,5.11830000,5.24430000,46958284.40000000
2025-01-06,5.24440000,5.36870000,4.97790000,5.09000000,50481892.30000000
2025-01-07,5.09000000,5.17170000,4.75000000,4.78520000,61451024.60000000
2025-01-08,4.78520000,4.91590000,4.38530000,4.89610000,94015646.00000000
2025-01-09,4.89600000,4.89600000,4.49540000,4.75060000,83277878.80000000
2025-01-10,4.75060000,5.25190000,4.73380000,5.12290000,111348040.60000000
2025-01-11,5.12290000,5.14290000,4.90390000,4.97000000,39482185.70000000
2025-01-12,4.96990000,4.98230000,4.68840000,4.73280000,35496800.30000000
2025-01-13,4.73280000,4.86060000,4.25300000,4.74870000,125931651.20000000
2025-01-14,4.74880000,4.76400000,4.54110000,4.58550000,64780920.80000000
2025-01-15,4.58550000,4.89190000,4.43260000,4.83590000,91476529.60000000
2025-01-16,4.83600000,5.05740000,4.58020000,4.74900000,81163872.30000000
2025-01-17,4.74900000,4.96870000,4.71210000,4.83820000,71402361.10000000
2025-01-18,4.83810000,5.13960000,4.61070000,5.00400000,87501287.30000000
2025-01-19,5.00400000,5.02750000,4.39030000,4.50710000,134825955.20000000
2025-01-20,4.50670000,4.84700000,4.29000000,4.41810000,147342800.50000000
2025-01-21,4.41810000,4.79890000,4.21670000,4.65810000,76128629.90000000
2025-01-22,4.65800000,4.70550000,4.45200000,4.47110000,35303085.60000000
2025-01-23,4.47100000,4.47780000,4.15600000,4.30230000,56848852.30000000
2025-01-24,4.30230000,4.48410000,4.16120000,4.20160000,50007617.80000000
2025-01-25,4.20170000,4.25980000,4.09850000,4.13000000,33973139.00000000
2025-01-26,4.13000000,4.22260000,3.86180000,3.87000000,34787808.10000000
2025-01-27,3.87010000,4.01670000,3.49520000,3.96360000,140489186.30000000
2025-01-28,3.96370000,4.01380000,3.60870000,3.65280000,52312596.30000000
2025-01-29,3.65350000,3.89270000,3.60110000,3.69840000,60464171.70000000
2025-01-30,3.69850000,4.21480000,3.66610000,4.11800000,73929975.60000000
2025-01-31,4.11810000,4.25260000,4.01050000,4.08910000,62078630.90000000
2025-02-01,4.08830000,4.11950000,3.72100000,3.73470000,39607209.40000000
2025-02-02,3.73470000,3.85880000,3.07580000,3.30720000,107395689.20000000
2025-02-03,3.30730000,3.83250000,2.39000000,3.65040000,321356313.10000000
2025-02-04,3.65040000,3.89990000,3.27440000,3.59400000,160602043.00000000
2025-02-05,3.59510000,3.72020000,3.30290000,3.33020000,86612120.20000000
2025-02-06,3.33030000,3.51230000,3.10450000,3.13580000,97129245.80000000
2025-02-07,3.13580000,3.38750000,2.90420000,3.01390000,105259883.60000000
2025-02-08,3.01400000,3.08930000,2.88320000,3.06240000,60451283.90000000
2025-02-09,3.06270000,3.18310000,2.86790000,2.99520000,64793426.40000000
2025-02-10,2.99510000,3.30720000,2.90060000,3.21590000,89129532.20000000
2025-02-11,3.21580000,3.58540000,3.20120000,3.32790000,98989961.30000000
2025-02-12,3.32780000,3.66990000,3.08000000,3.58210000,119295684.70000000
2025-02-13,3.58220000,3.65660000,3.40930000,3.46760000,68961005.50000000
2025-02-14,3.46770000,3.73860000,3.42670000,3.55310000,62311129.30000000
2025-02-15,3.55320000,3.59950000,3.37360000,3.41780000,32754215.90000000
2025-02-16,3.41770000,3.46380000,3.24820000,3.26880000,33620742.00000000
2025-02-17,3.26890000,3.35730000,3.14370000,3.21830000,48973002.60000000
2025-02-18,3.21830000,3.23520000,2.92050000,3.06520000,73888005.20000000
2025-02-19,3.06530000,3.26010000,3.00590000,3.21820000,69343352.90000000
2025-02-20,3.21820000,3.48010000,3.18910000,3.45080000,56275911.90000000
2025-02-21,3.45070000,3.56990000,3.22130000,3.26950000,80214581.00000000
2025-02-22,3.26960000,3.45510000,3.25160000,3.42160000,34073643.00000000
2025-02-23,3.42160000,3.48660000,3.28520000,3.37820000,31629408.20000000
2025-02-24,3.37820000,3.44960000,2.80000000,2.83040000,114909197.30000000
2025-02-25,2.83040000,3.01580000,2.63380000,2.95770000,197736823.30000000
2025-02-26,2.95770000,3.09600000,2.74340000,2.88310000,113387130.80000000
2025-02-27,2.88320000,2.98030000,2.75880000,2.78880000,65376606.40000000
2025-02-28,2.78890000,2.85770000,2.51650000,2.83000000,110185577.60000000
2025-03-01,2.83010000,2.92500000,2.78160000,2.81940000,45305597.70000000
2025-03-02,2.81950000,3.25130000,2.79100000,3.19350000,101360907.00000000
2025-03-03,3.19350000,3.20730000,2.58310000,2.61790000,92351353.10000000
2025-03-04,2.61810000,2.65340000,2.25590000,2.52620000,146366349.30000000
2025-03-05,2.52610000,2.69090000,2.44240000,2.63320000,73567270.50000000
2025-03-06,2.63310000,3.00000000,2.58790000,2.73610000,133130182.30000000
2025-03-07,2.73610000,2.89090000,2.56130000,2.58260000,131733779.80000000
2025-03-08,2.58270000,2.62990000,2.46740000,2.48340000,31604374.10000000
2025-03-09,2.48330000,2.52510000,2.25100000,2.28980000,52208202.90000000
2025-03-10,2.28990000,2.44940000,2.05770000,2.08880000,96302349.20000000
2025-03-11,2.08900000,2.30630000,1.96260000,2.22880000,105937935.50000000
2025-03-12,2.22970000,2.37620000,2.17160000,2.28540000,66541272.60000000
2025-03-13,2.28460000,2.34300000,2.11430000,2.16350000,53460809.90000000
2025-03-14,2.16350000,2.38620000,2.15920000,2.32540000,52363087.00000000
2025-03-15,2.32490000,2.42690000,2.30000000,2.35230000,35560593.80000000
2025-03-16,2.35230000,2.36770000,2.20510000,2.23140000,36884877.20000000
2025-03-17,2.23140000,2.38150000,2.22880000,2.37900000,58479643.40000000
2025-03-18,2.37900000,2.38840000,2.22060000,2.28470000,52490169.10000000
2025-03-19,2.28480000,2.48670000,2.27710000,2.47450000,65904441.80000000
2025-03-20,2.47440000,2.50140000,2.34310000,2.35710000,44620336.10000000
2025-03-21,2.35670000,2.36940000,2.23250000,2.25270000,45241389.70000000
2025-03-22,2.25250000,2.30890000,2.23310000,2.26380000,22756938.90000000
2025-03-23,2.26380000,2.30060000,2.23580000,2.29250000,25644230.90000000
2025-03-24,2.29260000,2.45080000,2.26040000,2.39750000,55889399.00000000
2025-03-25,2.39750000,2.48430000,2.33440000,2.45740000,50925088.20000000
2025-03-26,2.45750000,2.65270000,2.43910000,2.61980000,77655518.40000000
2025-03-27,2.61960000,2.83090000,2.60690000,2.78110000,93460343.40000000
2025-03-28,2.78080000,2.79900000,2.46980000,2.50580000,78257048.70000000
2025-03-29,2.50580000,2.54580000,2.24920000,2.31140000,61443288.40000000
2025-03-30,2.31140000,2.45560000,2.28040000,2.35150000,47804054.10000000
2025-03-31,2.35180000,2.35670000,2.18150000,2.26740000,59087121.90000000
2025-04-01,2.26740000,2.52790000,2.25220000,2.40750000,62984749.60000000
2025-04-02,2.40760000,2.55000000,2.25240000,2.30810000,86360879.70000000
2025-04-03,2.30790000,2.43910000,2.18210000,2.26320000,98448961.80000000
2025-04-04,2.26350000,2.32500000,2.12850000,2.25770000,97462219.30000000
2025-04-05,2.25770000,2.27760000,2.18150000,2.21630000,27124305.90000000
2025-04-06,2.21640000,2.22440000,1.88290000,1.92150000,68127350.20000000
2025-04-07,1.92150000,2.10000000,1.71740000,2.01910000,165709258.10000000
2025-04-08,2.01920000,2.10310000,1.92390000,1.93060000,84463274.40000000
2025-04-09,1.93060000,2.28870000,1.86270000,2.22170000,160205439.40000000
2025-04-10,2.22160000,2.23040000,2.05110000,2.11270000,85593794.40000000
2025-04-11,2.11260000,2.24990000,2.09660000,2.18820000,79566591.50000000
2025-04-12,2.18800000,2.39790000,2.15750000,2.34630000,87819932.10000000
2025-04-13,2.34650000,2.41750000,2.20320000,2.23350000,92321218.30000000
2025-04-14,2.23350000,2.35100000,2.17240000,2.19250000,80868576.10000000
2025-04-15,2.19250000,2.25000000,2.08360000,2.08890000,66752360.60000000
2025-04-16,2.08870000,2.13560000,2.02120000,2.05550000,58137294.50000000
2025-04-17,2.05560000,2.17050000,2.04370000,2.12300000,40058347.30000000
2025-04-18,2.12310000,2.15420000,2.09510000,2.12020000,25360734.40000000
2025-04-19,2.12030000,2.17890000,2.11110000,2.15490000,23389048.10000000
2025-04-20,2.15500000,2.17220000,2.08210000,2.11350000,29291969.00000000
2025-04-21,2.11350000,2.28520000,2.10960000,2.19640000,67546675.20000000
2025-04-22,2.19650000,2.74880000,2.16790000,2.66740000,100338186.20000000
2025-04-23,2.66720000,3.07860000,2.66720000,2.96620000,170451488.10000000
2025-04-24,2.96560000,3.39440000,2.89500000,3.34370000,165560735.60000000
2025-04-25,3.34380000,3.81210000,3.27360000,3.51900000,172234622.00000000
2025-04-26,3.51900000,3.64910000,3.35540000,3.51970000,77689856.20000000
2025-04-27,3.51980000,3.65510000,3.42350000,3.55810000,63830142.50000000
2025-04-28,3.55790000,3.87500000,3.39000000,3.52650000,131536628.80000000
2025-04-29,3.52690000,3.63490000,3.41990000,3.53190000,70168616.80000000
2025-04-30,3.53180000,3.60360000,3.27210000,3.50530000,73777963.20000000
2025-05-01,3.50510000,3.76660000,3.45510000,3.55040000,87841188.90000000
2025-05-02,3.55040000,3.57170000,3.38910000,3.42590000,82362008.00000000
2025-05-03,3.42590000,3.46370000,3.26500000,3.33510000,50521532.70000000
2025-05-04,3.33530000,3.36000000,3.15480000,3.27470000,53017924.90000000
2025-05-05,3.27480000,3.49420000,3.21090000,3.42340000,90863023.40000000
2025-05-06,3.42310000,3.42770000,3.12000000,3.34580000,93102241.90000000
2025-05-07,3.34610000,3.44670000,3.23330000,3.33140000,71412580.90000000
2025-05-08,3.33080000,4.10000000,3.31570000,4.03350000,163470657.10000000
2025-05-09,4.03320000,4.07710000,3.81410000,3.95040000,128396302.20000000
2025-05-10,3.95030000,4.15800000,3.83300000,4.12140000,85767613.40000000
2025-05-11,4.12130000,4.27400000,3.89020000,4.01750000,85432431.60000000
2025-05-12,4.01760000,4.29890000,3.80800000,3.96320000,130517259.40000000
2025-05-13,3.96320000,4.11390000,3.81500000,4.06320000,64931065.90000000
2025-05-14,4.06310000,4.08340000,3.85230000,3.91520000,47943485.70000000
2025-05-15,3.91540000,3.96000000,3.63580000,3.84860000,71854598.00000000
2025-05-16,3.84870000,3.95130000,3.71860000,3.78020000,46040992.30000000
2025-05-17,3.78020000,3.86300000,3.67200000,3.80180000,39719906.70000000
2025-05-18,3.80160000,4.00510000,3.68880000,3.94230000,71416775.70000000
2025-05-19,3.94230000,3.97250000,3.58420000,3.83730000,71432718.40000000
2025-05-20,3.83750000,3.94100000,3.78020000,3.85420000,67528028.80000000
2025-05-21,3.85430000,4.06850000,3.79740000,3.92860000,77556990.90000000
2025-05-22,3.92890000,4.20000000,3.65890000,3.88980000,180500120.70000000
2025-05-23,3.88980000,3.95990000,3.52930000,3.58160000,128263134.00000000
2025-05-24,3.58130000,3.69630000,3.56660000,3.62580000,31044909.30000000
2025-05-25,3.62580000,3.66640000,3.42740000,3.60050000,50002405.70000000
2025-05-26,3.60050000,3.66150000,3.45400000,3.48990000,44047388.80000000
2025-05-27,3.49000000,3.73500000,3.40410000,3.67220000,63220388.10000000
2025-05-28,3.67220000,3.74480000,3.48070000,3.60500000,47603217.20000000
2025-05-29,3.60520000,3.75080000,3.50150000,3.52540000,52217314.00000000
2025-05-30,3.52550000,3.55080000,3.17020000,3.18810000,81492069.60000000
2025-05-31,3.18780000,3.31330000,3.05300000,3.24570000,56459778.50000000
2025-06-01,3.24570000,3.36490000,3.18570000,3.34300000,28178349.40000000
2025-06-02,3.34310000,3.37010000,3.22370000,3.33090000,33352248.50000000
2025-06-03,3.33080000,3.39110000,3.21550000,3.25120000,31933667.10000000
2025-06-04,3.25120000,3.29230000,3.15530000,3.16320000,30493695.70000000
2025-06-05,3.16320000,3.23000000,2.84670000,2.92080000,61804226.90000000
2025-06-06,2.92080000,3.22140000,2.91500000,3.19390000,47624945.40000000
2025-06-07,3.19380000,3.31310000,3.17020000,3.24270000,26920868.60000000
2025-06-08,3.24270000,3.28220000,3.17900000,3.22320000,21034070.00000000
2025-06-09,3.22300000,3.46870000,3.18280000,3.44830000,36928127.50000000
2025-06-10,3.44840000,3.55970000,3.36460000,3.49280000,42628249.90000000
2025-06-11,3.49270000,3.52850000,3.33870000,3.39470000,37067343.40000000
2025-06-12,3.39490000,3.39980000,3.18320000,3.20780000,43274878.50000000
2025-06-13,3.20780000,3.21050000,2.91860000,3.07580000,101351788.30000000
2025-06-14,3.07590000,3.07740000,2.80510000,2.94700000,50089702.70000000
2025-06-15,2.94710000,3.04300000,2.94330000,3.02330000,27407251.20000000
2025-06-16,3.02340000,3.15890000,2.92830000,2.99620000,43292182.40000000
2025-06-17,2.99630000,3.05690000,2.80280000,2.83260000,56990075.20000000
2025-06-18,2.83260000,2.91810000,2.68000000,2.76480000,32476815.60000000
